{
  "POST Confirm Purchase" : {
    "transaction" : "POST Confirm Purchase",
    "sampleCount" : 5000,
    "errorCount" : 0,
    "errorPct" : 0.0,
    "meanResTime" : 645.1147999999997,
    "medianResTime" : 379.0,
    "minResTime" : 228.0,
    "maxResTime" : 4312.0,
    "pct1ResTime" : 1423.2000000000044,
    "pct2ResTime" : 1943.0,
    "pct3ResTime" : 3434.0,
    "throughput" : 62.26339908348277,
    "receivedKBytesPerSec" : 351.4484315071478,
    "sentKBytesPerSec" : 33.83748202144351
  },
  "GET Home" : {
    "transaction" : "GET Home",
    "sampleCount" : 5000,
    "errorCount" : 0,
    "errorPct" : 0.0,
    "meanResTime" : 648.9865999999994,
    "medianResTime" : 393.0,
    "minResTime" : 222.0,
    "maxResTime" : 4279.0,
    "pct1ResTime" : 1455.7000000000016,
    "pct2ResTime" : 1926.9499999999998,
    "pct3ResTime" : 3380.9199999999983,
    "throughput" : 61.60822100101038,
    "receivedKBytesPerSec" : 286.2023864714507,
    "sentKBytesPerSec" : 9.927105923014366
  },
  "POST Choose Flight" : {
    "transaction" : "POST Choose Flight",
    "sampleCount" : 5000,
    "errorCount" : 0,
    "errorPct" : 0.0,
    "meanResTime" : 633.5854000000012,
    "medianResTime" : 379.0,
    "minResTime" : 227.0,
    "maxResTime" : 4396.0,
    "pct1ResTime" : 1407.0,
    "pct2ResTime" : 1865.8999999999996,
    "pct3ResTime" : 3255.9799999999996,
    "throughput" : 62.3006379585327,
    "receivedKBytesPerSec" : 408.7877775493421,
    "sentKBytesPerSec" : 20.503237296899922
  },
  "Total" : {
    "transaction" : "Total",
    "sampleCount" : 20000,
    "errorCount" : 0,
    "errorPct" : 0.0,
    "meanResTime" : 646.7173999999957,
    "medianResTime" : 385.0,
    "minResTime" : 222.0,
    "maxResTime" : 4396.0,
    "pct1ResTime" : 1434.9000000000015,
    "pct2ResTime" : 1933.0,
    "pct3ResTime" : 3373.9900000000016,
    "throughput" : 243.9917042820544,
    "receivedKBytesPerSec" : 1465.2039713462243,
    "sentKBytesPerSec" : 80.32783525985117
  },
  "POST Find Flights" : {
    "transaction" : "POST Find Flights",
    "sampleCount" : 5000,
    "errorCount" : 0,
    "errorPct" : 0.0,
    "meanResTime" : 659.1828000000027,
    "medianResTime" : 389.0,
    "minResTime" : 226.0,
    "maxResTime" : 4306.0,
    "pct1ResTime" : 1466.9000000000005,
    "pct2ResTime" : 1969.9499999999998,
    "pct3ResTime" : 3386.8499999999967,
    "throughput" : 62.3006379585327,
    "receivedKBytesPerSec" : 446.63040185469,
    "sentKBytesPerSec" : 17.643735359350078
  }
}